{"cameraMode":{"drawMode":0,"name":"Shaded","section":"Shading Mode"},"sceneLighting":true,"audioPlay":false,"sceneViewState":{"showFog":true,"showMaterialUpdate":false,"showSkybox":false,"showFlares":true,"showImageEffects":true,"showParticleSystems":true},"in2DMode":false,"pivot":{"x":247.19863891601563,"y":7.763452053070068,"z":214.23077392578126},"rotation":{"x":0.3815969228744507,"y":0.29497912526130679,"z":-0.12999078631401063,"w":0.8663893938064575},"size":16.20280647277832,"orthographic":false}