{"cameraMode":{"drawMode":0,"name":"Shaded","section":"Shading Mode"},"sceneLighting":false,"audioPlay":false,"sceneViewState":{"showFog":true,"showMaterialUpdate":false,"showSkybox":false,"showFlares":true,"showImageEffects":true,"showParticleSystems":true},"in2DMode":false,"pivot":{"x":15.020458221435547,"y":9.631902694702149,"z":25.105709075927736},"rotation":{"x":-0.15457174181938172,"y":-0.3862212896347046,"z":0.0661526545882225,"w":-0.9071886539459229},"size":196.9969940185547,"orthographic":false}