{"cameraMode":{"drawMode":0,"name":"Shaded","section":"Shading Mode"},"sceneLighting":false,"audioPlay":false,"sceneViewState":{"showFog":true,"showMaterialUpdate":false,"showSkybox":false,"showFlares":true,"showImageEffects":true,"showParticleSystems":true},"in2DMode":false,"pivot":{"x":0.13200321793556214,"y":2.4803292751312258,"z":2.084305763244629},"rotation":{"x":-0.533852219581604,"y":-0.025835920125246049,"z":0.016377609223127366,"w":-0.845111072063446},"size":3.6035969257354738,"orthographic":false}