{"cameraMode":{"drawMode":0,"name":"Shaded","section":"Shading Mode"},"sceneLighting":false,"audioPlay":false,"sceneViewState":{"showFog":true,"showMaterialUpdate":false,"showSkybox":false,"showFlares":true,"showImageEffects":true,"showParticleSystems":true},"in2DMode":false,"pivot":{"x":2.1009907722473146,"y":0.9644795060157776,"z":0.5810470581054688},"rotation":{"x":0.1295715719461441,"y":-0.014230368658900261,"z":0.0007618878153152764,"w":0.9917423725128174},"size":1.3571345806121827,"orthographic":false}